[
  {
    "name": "theme_info",
    "theme_name": "Silent Disco Headsets",
    "theme_version": "1.0.0",
    "theme_author": "Custom",
    "theme_documentation_url": "",
    "theme_support_url": ""
  },
  {
    "name": "Colors",
    "settings": [
      {
        "type": "color",
        "id": "color_primary",
        "label": "Primary Color",
        "default": "#5e17eb"
      },
      {
        "type": "color",
        "id": "color_secondary",
        "label": "Secondary Color",
        "default": "#8b5cf6"
      },
      {
        "type": "color",
        "id": "color_accent",
        "label": "Accent Color",
        "default": "#ffdd27"
      }
    ]
  }
]
